insert into public.facilities (
  id,
  name,
  slug,
  description,
  city,
  state_region,
  country_code,
  timezone,
  address_line1,
  postal_code,
  latitude,
  longitude,
  booking_notice_minutes,
  booking_horizon_days,
  cancellation_window_hours,
  status,
  settings
) values
  (
    '6e9b8a20-7ef6-4f2e-9d9b-78a7c0f20101',
    'Mission Bay Racquet Club',
    'mission-bay-racquet-club',
    'Waterfront racquet venue focused on daily bookings, lessons, and evening league prep.',
    'San Francisco',
    'CA',
    'US',
    'America/Los_Angeles',
    '451 Terry A Francois Blvd',
    '94158',
    37.770019,
    -122.387678,
    60,
    30,
    24,
    'active',
    jsonb_build_object(
      'stripe_connected_account_ready', false,
      'supports_drop_in_play', true,
      'memberships_enabled', false
    )
  ),
  (
    '6e9b8a20-7ef6-4f2e-9d9b-78a7c0f20102',
    'South Bay Padel Center',
    'south-bay-padel-center',
    'Indoor padel-first complex with climate-controlled courts and late-night booking slots.',
    'San Jose',
    'CA',
    'US',
    'America/Los_Angeles',
    '800 Embedded Way',
    '95134',
    37.410436,
    -121.950386,
    90,
    21,
    12,
    'active',
    jsonb_build_object(
      'stripe_connected_account_ready', false,
      'supports_drop_in_play', true,
      'memberships_enabled', false
    )
  ),
  (
    '6e9b8a20-7ef6-4f2e-9d9b-78a7c0f20103',
    'Eastside Courts & Pickle',
    'eastside-courts-and-pickle',
    'Neighborhood multi-sport site with tennis and pickleball inventory for after-work play.',
    'Bellevue',
    'WA',
    'US',
    'America/Los_Angeles',
    '14224 NE 24th St',
    '98007',
    47.632291,
    -122.149423,
    45,
    35,
    18,
    'active',
    jsonb_build_object(
      'stripe_connected_account_ready', false,
      'supports_drop_in_play', true,
      'memberships_enabled', false
    )
  )
on conflict (id) do update
set
  name = excluded.name,
  slug = excluded.slug,
  description = excluded.description,
  city = excluded.city,
  state_region = excluded.state_region,
  country_code = excluded.country_code,
  timezone = excluded.timezone,
  address_line1 = excluded.address_line1,
  postal_code = excluded.postal_code,
  latitude = excluded.latitude,
  longitude = excluded.longitude,
  booking_notice_minutes = excluded.booking_notice_minutes,
  booking_horizon_days = excluded.booking_horizon_days,
  cancellation_window_hours = excluded.cancellation_window_hours,
  status = excluded.status,
  settings = excluded.settings;

insert into public.courts (
  id,
  facility_id,
  name,
  sport_type,
  surface_type,
  indoor,
  capacity,
  display_order,
  booking_buffer_minutes,
  status,
  base_price_cents,
  currency,
  image_url,
  metadata
) values
  (
    '1f2fd263-0871-48fb-b939-84f2b05b3101',
    '6e9b8a20-7ef6-4f2e-9d9b-78a7c0f20101',
    'Tennis Stadium Court',
    'tennis',
    'hard',
    false,
    4,
    1,
    15,
    'active',
    4800,
    'usd',
    'https://images.unsplash.com/photo-1560012057-4372e14c5085?auto=format&fit=crop&w=1600&q=80',
    jsonb_build_object('lights', true, 'camera_streaming', true)
  ),
  (
    '1f2fd263-0871-48fb-b939-84f2b05b3102',
    '6e9b8a20-7ef6-4f2e-9d9b-78a7c0f20101',
    'Tennis Court 2',
    'tennis',
    'hard',
    false,
    4,
    2,
    10,
    'active',
    4200,
    'usd',
    'https://images.unsplash.com/photo-1554068865-24cecd4e34b8?auto=format&fit=crop&w=1600&q=80',
    jsonb_build_object('lights', true, 'ball_machine', true)
  ),
  (
    '1f2fd263-0871-48fb-b939-84f2b05b3103',
    '6e9b8a20-7ef6-4f2e-9d9b-78a7c0f20101',
    'Pickleball Terrace A',
    'pickleball',
    'acrylic',
    false,
    4,
    3,
    0,
    'active',
    2600,
    'usd',
    'https://images.unsplash.com/photo-1526676037777-05a232554f77?auto=format&fit=crop&w=1600&q=80',
    jsonb_build_object('lights', true, 'portable_net', false)
  ),
  (
    '1f2fd263-0871-48fb-b939-84f2b05b3201',
    '6e9b8a20-7ef6-4f2e-9d9b-78a7c0f20102',
    'Padel Court Azul',
    'padel',
    'synthetic',
    true,
    4,
    1,
    0,
    'active',
    5200,
    'usd',
    'https://images.unsplash.com/photo-1595434091143-b375ced5fe5c?auto=format&fit=crop&w=1600&q=80',
    jsonb_build_object('cage', true, 'camera_streaming', true)
  ),
  (
    '1f2fd263-0871-48fb-b939-84f2b05b3202',
    '6e9b8a20-7ef6-4f2e-9d9b-78a7c0f20102',
    'Padel Court Verde',
    'padel',
    'synthetic',
    true,
    4,
    2,
    0,
    'active',
    5000,
    'usd',
    'https://images.unsplash.com/photo-1612872087720-bb876e2e67d1?auto=format&fit=crop&w=1600&q=80',
    jsonb_build_object('cage', true, 'camera_streaming', false)
  ),
  (
    '1f2fd263-0871-48fb-b939-84f2b05b3203',
    '6e9b8a20-7ef6-4f2e-9d9b-78a7c0f20102',
    'Padel Court Naranja',
    'padel',
    'synthetic',
    true,
    4,
    3,
    5,
    'active',
    4600,
    'usd',
    'https://images.unsplash.com/photo-1622279457486-28f2dc7c56af?auto=format&fit=crop&w=1600&q=80',
    jsonb_build_object('cage', true, 'warmup_zone', true)
  ),
  (
    '1f2fd263-0871-48fb-b939-84f2b05b3301',
    '6e9b8a20-7ef6-4f2e-9d9b-78a7c0f20103',
    'Tennis Court North',
    'tennis',
    'clay',
    false,
    4,
    1,
    15,
    'active',
    3600,
    'usd',
    'https://images.unsplash.com/photo-1571019613454-1cb2f99b2d8b?auto=format&fit=crop&w=1600&q=80',
    jsonb_build_object('lights', false, 'ball_machine', false)
  ),
  (
    '1f2fd263-0871-48fb-b939-84f2b05b3302',
    '6e9b8a20-7ef6-4f2e-9d9b-78a7c0f20103',
    'Pickleball Court East',
    'pickleball',
    'acrylic',
    false,
    4,
    2,
    0,
    'active',
    2400,
    'usd',
    'https://images.unsplash.com/photo-1542144582-1ba00456b5e3?auto=format&fit=crop&w=1600&q=80',
    jsonb_build_object('lights', true, 'beginner_friendly', true)
  )
on conflict (id) do update
set
  facility_id = excluded.facility_id,
  name = excluded.name,
  sport_type = excluded.sport_type,
  surface_type = excluded.surface_type,
  indoor = excluded.indoor,
  capacity = excluded.capacity,
  display_order = excluded.display_order,
  booking_buffer_minutes = excluded.booking_buffer_minutes,
  status = excluded.status,
  base_price_cents = excluded.base_price_cents,
  currency = excluded.currency,
  image_url = excluded.image_url,
  metadata = excluded.metadata;

insert into public.court_availability (
  id,
  court_id,
  availability_type,
  day_of_week,
  start_time,
  end_time,
  slot_minutes,
  min_booking_minutes,
  max_booking_minutes,
  price_cents,
  currency,
  is_bookable,
  metadata
) values
  ('8a6b59bb-f750-4d8e-9917-c0d6b2e43101', '1f2fd263-0871-48fb-b939-84f2b05b3101', 'recurring', 1, '06:00', '16:00', 60, 60, 120, 4200, 'usd', true, jsonb_build_object('rate_tier', 'off_peak')),
  ('8a6b59bb-f750-4d8e-9917-c0d6b2e43102', '1f2fd263-0871-48fb-b939-84f2b05b3101', 'recurring', 1, '16:00', '22:00', 60, 60, 120, 5600, 'usd', true, jsonb_build_object('rate_tier', 'prime_time')),
  ('8a6b59bb-f750-4d8e-9917-c0d6b2e43103', '1f2fd263-0871-48fb-b939-84f2b05b3102', 'recurring', 2, '06:00', '17:00', 60, 60, 120, 3800, 'usd', true, jsonb_build_object('rate_tier', 'weekday')),
  ('8a6b59bb-f750-4d8e-9917-c0d6b2e43104', '1f2fd263-0871-48fb-b939-84f2b05b3102', 'recurring', 2, '17:00', '22:00', 60, 60, 120, 4600, 'usd', true, jsonb_build_object('rate_tier', 'evening')),
  ('8a6b59bb-f750-4d8e-9917-c0d6b2e43105', '1f2fd263-0871-48fb-b939-84f2b05b3103', 'recurring', 6, '08:00', '21:00', 60, 60, 120, 2600, 'usd', true, jsonb_build_object('rate_tier', 'weekend')),
  ('8a6b59bb-f750-4d8e-9917-c0d6b2e43106', '1f2fd263-0871-48fb-b939-84f2b05b3103', 'blackout', 3, '12:00', '14:00', 60, null, null, 0, 'usd', false, jsonb_build_object('reason', 'school_clinic')),

  ('8a6b59bb-f750-4d8e-9917-c0d6b2e43201', '1f2fd263-0871-48fb-b939-84f2b05b3201', 'recurring', 1, '07:00', '17:00', 90, 90, 180, 4800, 'usd', true, jsonb_build_object('rate_tier', 'daytime')),
  ('8a6b59bb-f750-4d8e-9917-c0d6b2e43202', '1f2fd263-0871-48fb-b939-84f2b05b3201', 'recurring', 1, '17:00', '23:00', 90, 90, 180, 6200, 'usd', true, jsonb_build_object('rate_tier', 'night')),
  ('8a6b59bb-f750-4d8e-9917-c0d6b2e43203', '1f2fd263-0871-48fb-b939-84f2b05b3202', 'recurring', 4, '07:00', '16:00', 90, 90, 180, 4500, 'usd', true, jsonb_build_object('rate_tier', 'daytime')),
  ('8a6b59bb-f750-4d8e-9917-c0d6b2e43204', '1f2fd263-0871-48fb-b939-84f2b05b3202', 'recurring', 4, '16:00', '23:00', 90, 90, 180, 5800, 'usd', true, jsonb_build_object('rate_tier', 'prime_time')),
  ('8a6b59bb-f750-4d8e-9917-c0d6b2e43205', '1f2fd263-0871-48fb-b939-84f2b05b3203', 'recurring', 0, '08:00', '22:00', 90, 90, 180, 4600, 'usd', true, jsonb_build_object('rate_tier', 'weekend')),
  ('8a6b59bb-f750-4d8e-9917-c0d6b2e43206', '1f2fd263-0871-48fb-b939-84f2b05b3203', 'blackout', 2, '13:00', '15:00', 60, null, null, 0, 'usd', false, jsonb_build_object('reason', 'net_replacement')),

  ('8a6b59bb-f750-4d8e-9917-c0d6b2e43301', '1f2fd263-0871-48fb-b939-84f2b05b3301', 'recurring', 5, '06:30', '16:30', 60, 60, 120, 3200, 'usd', true, jsonb_build_object('rate_tier', 'weekday')),
  ('8a6b59bb-f750-4d8e-9917-c0d6b2e43302', '1f2fd263-0871-48fb-b939-84f2b05b3301', 'recurring', 5, '16:30', '21:30', 60, 60, 120, 3900, 'usd', true, jsonb_build_object('rate_tier', 'after_work')),
  ('8a6b59bb-f750-4d8e-9917-c0d6b2e43303', '1f2fd263-0871-48fb-b939-84f2b05b3302', 'recurring', 6, '07:00', '20:00', 60, 60, 120, 2400, 'usd', true, jsonb_build_object('rate_tier', 'all_day')),
  ('8a6b59bb-f750-4d8e-9917-c0d6b2e43304', '1f2fd263-0871-48fb-b939-84f2b05b3302', 'blackout', 1, '10:00', '12:00', 60, null, null, 0, 'usd', false, jsonb_build_object('reason', 'junior_program'))
on conflict (id) do update
set
  court_id = excluded.court_id,
  availability_type = excluded.availability_type,
  day_of_week = excluded.day_of_week,
  start_time = excluded.start_time,
  end_time = excluded.end_time,
  slot_minutes = excluded.slot_minutes,
  min_booking_minutes = excluded.min_booking_minutes,
  max_booking_minutes = excluded.max_booking_minutes,
  price_cents = excluded.price_cents,
  currency = excluded.currency,
  is_bookable = excluded.is_bookable,
  metadata = excluded.metadata;
